Technology,Reference Technology
Pyrolyse_Steamcracker_Recycling,Steamcracker_Naphtha
Hydrocracking_Steamcracker_Recycling,Steamcracker_Naphtha
Gasifizierung_FT_Steamcracker_Recycling,Steamcracker_Naphtha
eSteamcracker_Naphtha,Steamcracker_Naphtha
Pyrolyse_eSteamcracker_Recycling,Steamcracker_Naphtha
Hydrocracking_eSteamcracker_Recycling,Steamcracker_Naphtha
Gasifizierung_FT_eSteamcracker_Recycling,Steamcracker_Naphtha
Mechanisches_Recycling,Steamcracker_Naphtha
Methanolroute,Steamcracker_Naphtha
FT-Route,Steamcracker_Naphtha
Biomethanol,Steamcracker_Naphtha
Biomasse-DME-MTO,Steamcracker_Naphtha
Bioethanol,Steamcracker_Naphtha
Steamcracker_Naphtha,Steamcracker_Naphtha
